filename,split
mri_00968.jpg,train
mri_00240.jpg,train
mri_00819.jpg,train
mri_00692.jpg,train
mri_00420.jpg,train
mri_01085.jpg,train
mri_01998.jpg,train
mri_00365.jpg,train
mri_01022.jpg,train
mri_01240.jpg,train
mri_00588.jpg,train
mri_00736.jpg,train
mri_01761.jpg,train
mri_00941.jpg,train
mri_00071.jpg,train
mri_01407.jpg,train
mri_00259.jpg,train
mri_00051.jpg,train
mri_00198.jpg,train
mri_01788.jpg,train
mri_00650.jpg,train
mri_00332.jpg,train
mri_01359.jpg,train
mri_00593.jpg,train
mri_01391.jpg,train
mri_01800.jpg,train
mri_01314.jpg,train
mri_01111.jpg,train
mri_01006.jpg,train
mri_01326.jpg,train
mri_00426.jpg,train
mri_01558.jpg,train
mri_01293.jpg,train
mri_00590.jpg,train
mri_01957.jpg,train
mri_01976.jpg,train
mri_01132.jpg,train
mri_00985.jpg,train
mri_00398.jpg,train
mri_01511.jpg,train
mri_00436.jpg,train
mri_00192.jpg,train
mri_01435.jpg,train
mri_00614.jpg,train
mri_01493.jpg,train
mri_00576.jpg,train
mri_00986.jpg,train
mri_01432.jpg,train
mri_00706.jpg,train
mri_01258.jpg,train
mri_00141.jpg,train
mri_01357.jpg,train
mri_00002.jpg,train
mri_01221.jpg,train
mri_01869.jpg,train
mri_01622.jpg,train
mri_00339.jpg,train
mri_01769.jpg,train
mri_01536.jpg,train
mri_00483.jpg,train
mri_00265.jpg,train
mri_00376.jpg,train
mri_00741.jpg,train
mri_01013.jpg,train
mri_00439.jpg,train
mri_00271.jpg,train
mri_00184.jpg,train
mri_00939.jpg,train
mri_00244.jpg,train
mri_00931.jpg,train
mri_00445.jpg,train
mri_00596.jpg,train
mri_00817.jpg,train
mri_01272.jpg,train
mri_01676.jpg,train
mri_00486.jpg,train
mri_00680.jpg,train
mri_00415.jpg,train
mri_00273.jpg,train
mri_01471.jpg,train
mri_01829.jpg,train
mri_01454.jpg,train
mri_00250.jpg,train
mri_00413.jpg,train
mri_01385.jpg,train
mri_01307.jpg,train
mri_00715.jpg,train
mri_00310.jpg,train
mri_00926.jpg,train
mri_00381.jpg,train
mri_01565.jpg,train
mri_00425.jpg,train
mri_01874.jpg,train
mri_00532.jpg,train
mri_00752.jpg,train
mri_00765.jpg,train
mri_01356.jpg,train
mri_00408.jpg,train
mri_01614.jpg,train
mri_00694.jpg,train
mri_01738.jpg,train
mri_00548.jpg,train
mri_00936.jpg,train
mri_01389.jpg,train
mri_01607.jpg,train
mri_01939.jpg,train
mri_01481.jpg,train
mri_00182.jpg,train
mri_01940.jpg,train
mri_01160.jpg,train
mri_00170.jpg,train
mri_00292.jpg,train
mri_00561.jpg,train
mri_01456.jpg,train
mri_01876.jpg,train
mri_01651.jpg,train
mri_00849.jpg,train
mri_00272.jpg,train
mri_01549.jpg,train
mri_01034.jpg,train
mri_01743.jpg,train
mri_00371.jpg,train
mri_01669.jpg,train
mri_00721.jpg,train
mri_00733.jpg,train
mri_00777.jpg,train
mri_00518.jpg,train
mri_00334.jpg,train
mri_00845.jpg,train
mri_01251.jpg,train
mri_01052.jpg,train
mri_01923.jpg,train
mri_00015.jpg,train
mri_00707.jpg,train
mri_00900.jpg,train
mri_01979.jpg,train
mri_01572.jpg,train
mri_00903.jpg,train
mri_00465.jpg,train
mri_01977.jpg,train
mri_00199.jpg,train
mri_01206.jpg,train
mri_01055.jpg,train
mri_01131.jpg,train
mri_01379.jpg,train
mri_00998.jpg,train
mri_00727.jpg,train
mri_01771.jpg,train
mri_01909.jpg,train
mri_01821.jpg,train
mri_00567.jpg,train
mri_00043.jpg,train
mri_00274.jpg,train
mri_01096.jpg,train
mri_00101.jpg,train
mri_01231.jpg,train
mri_01721.jpg,train
mri_01832.jpg,train
mri_00107.jpg,train
mri_01617.jpg,train
mri_00497.jpg,train
mri_01980.jpg,train
mri_00881.jpg,train
mri_00756.jpg,train
mri_00619.jpg,train
mri_01106.jpg,train
mri_01935.jpg,train
mri_00809.jpg,train
mri_01037.jpg,train
mri_00072.jpg,train
mri_01283.jpg,train
mri_01271.jpg,train
mri_01334.jpg,train
mri_01458.jpg,train
mri_00481.jpg,train
mri_01068.jpg,train
mri_00506.jpg,train
mri_01237.jpg,train
mri_01861.jpg,train
mri_01989.jpg,train
mri_01476.jpg,train
mri_01866.jpg,train
mri_01455.jpg,train
mri_00311.jpg,train
mri_00962.jpg,train
mri_00405.jpg,train
mri_01330.jpg,train
mri_01649.jpg,train
mri_00309.jpg,train
mri_00226.jpg,train
mri_01857.jpg,train
mri_00710.jpg,train
mri_01943.jpg,train
mri_01383.jpg,train
mri_01785.jpg,train
mri_00148.jpg,train
mri_01554.jpg,train
mri_01956.jpg,train
mri_00925.jpg,train
mri_00942.jpg,train
mri_00836.jpg,train
mri_00575.jpg,train
mri_00557.jpg,train
mri_01235.jpg,train
mri_01360.jpg,train
mri_01347.jpg,train
mri_01161.jpg,train
mri_01442.jpg,train
mri_00286.jpg,train
mri_01604.jpg,train
mri_01057.jpg,train
mri_00598.jpg,train
mri_00932.jpg,train
mri_01461.jpg,train
mri_01637.jpg,train
mri_01587.jpg,train
mri_01040.jpg,train
mri_01230.jpg,train
mri_00806.jpg,train
mri_00904.jpg,train
mri_01679.jpg,train
mri_01204.jpg,train
mri_00767.jpg,train
mri_00609.jpg,train
mri_01992.jpg,train
mri_01564.jpg,train
mri_01422.jpg,train
mri_01010.jpg,train
mri_00493.jpg,train
mri_01320.jpg,train
mri_00277.jpg,train
mri_01846.jpg,train
mri_00358.jpg,train
mri_01110.jpg,train
mri_00236.jpg,train
mri_00551.jpg,train
mri_01867.jpg,train
mri_01812.jpg,train
mri_00208.jpg,train
mri_01386.jpg,train
mri_01560.jpg,train
mri_00058.jpg,train
mri_00631.jpg,train
mri_01961.jpg,train
mri_01859.jpg,train
mri_01816.jpg,train
mri_00363.jpg,train
mri_00505.jpg,train
mri_01165.jpg,train
mri_01121.jpg,train
mri_01629.jpg,train
mri_01216.jpg,train
mri_01151.jpg,train
mri_01124.jpg,train
mri_01594.jpg,train
mri_00118.jpg,train
mri_01249.jpg,train
mri_01993.jpg,train
mri_00522.jpg,train
mri_00513.jpg,train
mri_00081.jpg,train
mri_00915.jpg,train
mri_01018.jpg,train
mri_00380.jpg,train
mri_01029.jpg,train
mri_01688.jpg,train
mri_00084.jpg,train
mri_01677.jpg,train
mri_00329.jpg,train
mri_00006.jpg,train
mri_00745.jpg,train
mri_01553.jpg,train
mri_00914.jpg,train
mri_00873.jpg,train
mri_00451.jpg,train
mri_00490.jpg,train
mri_01480.jpg,train
mri_00287.jpg,train
mri_00948.jpg,train
mri_01985.jpg,train
mri_01368.jpg,train
mri_01146.jpg,train
mri_00705.jpg,train
mri_01726.jpg,train
mri_01701.jpg,train
mri_01628.jpg,train
mri_01599.jpg,train
mri_01538.jpg,train
mri_01405.jpg,train
mri_01650.jpg,train
mri_00327.jpg,train
mri_00442.jpg,train
mri_00774.jpg,train
mri_01087.jpg,train
mri_01220.jpg,train
mri_01635.jpg,train
mri_00177.jpg,train
mri_01322.jpg,train
mri_00704.jpg,train
mri_00086.jpg,train
mri_01883.jpg,train
mri_01947.jpg,train
mri_00457.jpg,train
mri_01828.jpg,train
mri_00054.jpg,train
mri_01501.jpg,train
mri_00643.jpg,train
mri_00677.jpg,train
mri_00221.jpg,train
mri_00113.jpg,train
mri_00982.jpg,train
mri_01228.jpg,train
mri_00999.jpg,train
mri_00174.jpg,train
mri_00781.jpg,train
mri_00589.jpg,train
mri_01559.jpg,train
mri_00018.jpg,train
mri_00423.jpg,train
mri_01343.jpg,train
mri_00285.jpg,train
mri_01583.jpg,train
mri_00428.jpg,train
mri_01509.jpg,train
mri_01318.jpg,train
mri_00669.jpg,train
mri_00031.jpg,train
mri_00940.jpg,train
mri_00722.jpg,train
mri_00994.jpg,train
mri_00214.jpg,train
mri_00813.jpg,train
mri_00326.jpg,train
mri_00560.jpg,train
mri_01112.jpg,train
mri_00700.jpg,train
mri_01578.jpg,train
mri_01189.jpg,train
mri_00341.jpg,train
mri_00629.jpg,train
mri_00147.jpg,train
mri_01309.jpg,train
mri_00360.jpg,train
mri_00083.jpg,train
mri_00048.jpg,train
mri_00468.jpg,train
mri_00155.jpg,train
mri_00772.jpg,train
mri_01239.jpg,train
mri_01200.jpg,train
mri_01402.jpg,train
mri_01202.jpg,train
mri_01630.jpg,train
mri_00500.jpg,train
mri_01764.jpg,train
mri_00179.jpg,train
mri_01047.jpg,train
mri_01755.jpg,train
mri_00950.jpg,train
mri_01316.jpg,train
mri_01619.jpg,train
mri_00528.jpg,train
mri_00346.jpg,train
mri_01387.jpg,train
mri_01960.jpg,train
mri_01050.jpg,train
mri_01972.jpg,train
mri_01441.jpg,train
mri_00601.jpg,train
mri_01281.jpg,train
mri_00243.jpg,train
mri_01336.jpg,train
mri_01067.jpg,train
mri_01475.jpg,train
mri_00312.jpg,train
mri_00435.jpg,train
mri_01898.jpg,train
mri_01328.jpg,train
mri_00308.jpg,train
mri_00430.jpg,train
mri_00660.jpg,train
mri_00370.jpg,train
mri_00566.jpg,train
mri_00979.jpg,train
mri_00181.jpg,train
mri_01362.jpg,train
mri_00621.jpg,train
mri_00818.jpg,train
mri_01192.jpg,train
mri_00952.jpg,train
mri_01421.jpg,train
mri_01840.jpg,train
mri_00922.jpg,train
mri_01073.jpg,train
mri_00296.jpg,train
mri_00966.jpg,train
mri_00461.jpg,train
mri_01302.jpg,train
mri_01176.jpg,train
mri_00377.jpg,train
mri_00798.jpg,train
mri_01102.jpg,train
mri_00105.jpg,train
mri_00126.jpg,train
mri_01995.jpg,train
mri_00838.jpg,train
mri_00355.jpg,train
mri_01616.jpg,train
mri_00682.jpg,train
mri_00812.jpg,train
mri_01680.jpg,train
mri_00209.jpg,train
mri_01492.jpg,train
mri_00140.jpg,train
mri_01974.jpg,train
mri_01339.jpg,train
mri_01797.jpg,train
mri_01574.jpg,train
mri_01181.jpg,train
mri_01393.jpg,train
mri_01815.jpg,train
mri_00711.jpg,train
mri_01793.jpg,train
mri_00892.jpg,train
mri_00859.jpg,train
mri_00010.jpg,train
mri_01694.jpg,train
mri_01427.jpg,train
mri_00282.jpg,train
mri_00810.jpg,train
mri_01341.jpg,train
mri_00291.jpg,train
mri_00754.jpg,train
mri_00626.jpg,train
mri_00943.jpg,train
mri_00861.jpg,train
mri_00129.jpg,train
mri_01175.jpg,train
mri_00323.jpg,train
mri_01090.jpg,train
mri_00843.jpg,train
mri_00963.jpg,train
mri_01864.jpg,train
mri_00865.jpg,train
mri_00921.jpg,train
mri_00695.jpg,train
mri_00215.jpg,train
mri_01780.jpg,train
mri_01261.jpg,train
mri_00158.jpg,train
mri_01058.jpg,train
mri_00988.jpg,train
mri_00841.jpg,train
mri_00634.jpg,train
mri_00516.jpg,train
mri_01428.jpg,train
mri_01747.jpg,train
mri_00597.jpg,train
mri_00195.jpg,train
mri_01783.jpg,train
mri_00869.jpg,train
mri_00410.jpg,train
mri_00096.jpg,train
mri_01000.jpg,train
mri_01505.jpg,train
mri_00156.jpg,train
mri_00419.jpg,train
mri_01802.jpg,train
mri_00477.jpg,train
mri_01855.jpg,train
mri_00668.jpg,train
mri_01417.jpg,train
mri_01871.jpg,train
mri_01299.jpg,train
mri_00447.jpg,train
mri_00553.jpg,train
mri_00178.jpg,train
mri_00390.jpg,train
mri_00578.jpg,train
mri_01477.jpg,train
mri_01706.jpg,train
mri_01287.jpg,train
mri_01644.jpg,train
mri_01023.jpg,train
mri_00820.jpg,train
mri_01824.jpg,train
mri_00984.jpg,train
mri_01338.jpg,train
mri_00664.jpg,train
mri_00142.jpg,train
mri_01516.jpg,train
mri_01429.jpg,train
mri_00864.jpg,train
mri_00421.jpg,train
mri_00636.jpg,train
mri_01406.jpg,train
mri_00799.jpg,train
mri_01403.jpg,train
mri_00615.jpg,train
mri_00294.jpg,train
mri_00923.jpg,train
mri_01268.jpg,train
mri_01902.jpg,train
mri_00088.jpg,train
mri_00041.jpg,train
mri_01801.jpg,train
mri_01933.jpg,train
mri_00131.jpg,train
mri_01001.jpg,train
mri_01157.jpg,train
mri_01094.jpg,train
mri_01854.jpg,train
mri_01344.jpg,train
mri_01498.jpg,train
mri_00164.jpg,train
mri_00724.jpg,train
mri_00290.jpg,train
mri_01208.jpg,train
mri_01588.jpg,train
mri_01896.jpg,train
mri_01641.jpg,train
mri_01361.jpg,train
mri_00778.jpg,train
mri_00839.jpg,train
mri_00348.jpg,train
mri_01944.jpg,train
mri_00571.jpg,train
mri_00917.jpg,train
mri_00976.jpg,train
mri_01913.jpg,train
mri_01468.jpg,train
mri_01591.jpg,train
mri_01317.jpg,train
mri_01844.jpg,train
mri_00136.jpg,train
mri_00458.jpg,train
mri_00375.jpg,train
mri_01342.jpg,train
mri_00333.jpg,train
mri_01159.jpg,train
mri_01760.jpg,train
mri_01457.jpg,train
mri_00816.jpg,train
mri_01114.jpg,train
mri_01005.jpg,train
mri_01856.jpg,train
mri_01954.jpg,train
mri_01850.jpg,train
mri_00910.jpg,train
mri_01929.jpg,train
mri_01125.jpg,train
mri_00328.jpg,train
mri_01247.jpg,train
mri_00318.jpg,train
mri_01689.jpg,train
mri_01358.jpg,train
mri_01732.jpg,train
mri_00167.jpg,train
mri_00012.jpg,train
mri_01926.jpg,train
mri_00171.jpg,train
mri_00649.jpg,train
mri_01061.jpg,train
mri_00260.jpg,train
mri_01366.jpg,train
mri_01548.jpg,train
mri_00901.jpg,train
mri_00672.jpg,train
mri_00258.jpg,train
mri_00844.jpg,train
mri_00867.jpg,train
mri_01799.jpg,train
mri_00138.jpg,train
mri_00893.jpg,train
mri_01837.jpg,train
mri_00549.jpg,train
mri_00319.jpg,train
mri_01526.jpg,train
mri_01805.jpg,train
mri_01177.jpg,train
mri_00558.jpg,train
mri_00139.jpg,train
mri_01734.jpg,train
mri_00531.jpg,train
mri_00224.jpg,train
mri_00723.jpg,train
mri_00786.jpg,train
mri_01717.jpg,train
mri_01007.jpg,train
mri_00409.jpg,train
mri_00325.jpg,train
mri_01765.jpg,train
mri_00299.jpg,train
mri_01262.jpg,train
mri_01945.jpg,train
mri_00025.jpg,train
mri_01858.jpg,train
mri_00714.jpg,train
mri_01009.jpg,train
mri_00193.jpg,train
mri_00440.jpg,train
mri_00573.jpg,train
mri_00946.jpg,train
mri_00997.jpg,train
mri_00503.jpg,train
mri_00605.jpg,train
mri_01716.jpg,train
mri_01163.jpg,train
mri_01786.jpg,train
mri_00846.jpg,train
mri_00003.jpg,train
mri_01286.jpg,train
mri_01222.jpg,train
mri_00467.jpg,train
mri_00321.jpg,train
mri_00005.jpg,train
mri_00222.jpg,train
mri_01374.jpg,train
mri_00547.jpg,train
mri_00228.jpg,train
mri_00039.jpg,train
mri_00542.jpg,train
mri_00242.jpg,train
mri_00898.jpg,train
mri_01133.jpg,train
mri_01448.jpg,train
mri_01868.jpg,train
mri_00842.jpg,train
mri_01418.jpg,train
mri_01653.jpg,train
mri_01969.jpg,train
mri_00661.jpg,train
mri_01210.jpg,train
mri_00314.jpg,train
mri_00691.jpg,train
mri_01503.jpg,train
mri_00424.jpg,train
mri_00594.jpg,train
mri_01963.jpg,train
mri_00622.jpg,train
mri_01170.jpg,train
mri_01043.jpg,train
mri_00227.jpg,train
mri_01117.jpg,train
mri_01331.jpg,train
mri_01315.jpg,train
mri_00066.jpg,train
mri_00024.jpg,train
mri_00144.jpg,train
mri_00536.jpg,train
mri_00811.jpg,train
mri_01466.jpg,train
mri_00085.jpg,train
mri_01660.jpg,train
mri_01645.jpg,train
mri_01804.jpg,train
mri_01817.jpg,train
mri_01576.jpg,train
mri_01144.jpg,train
mri_00362.jpg,train
mri_01611.jpg,train
mri_01865.jpg,train
mri_01026.jpg,train
mri_01030.jpg,train
mri_01303.jpg,train
mri_01355.jpg,train
mri_01730.jpg,train
mri_00665.jpg,train
mri_00364.jpg,train
mri_00077.jpg,train
mri_00027.jpg,train
mri_01436.jpg,train
mri_00525.jpg,train
mri_01834.jpg,train
mri_00055.jpg,train
mri_00638.jpg,train
mri_00302.jpg,train
mri_00718.jpg,train
mri_00624.jpg,train
mri_00007.jpg,train
mri_00803.jpg,train
mri_01049.jpg,train
mri_00336.jpg,train
mri_00047.jpg,train
mri_01763.jpg,train
mri_00106.jpg,train
mri_00349.jpg,train
mri_01079.jpg,train
mri_00238.jpg,train
mri_00213.jpg,train
mri_01775.jpg,train
mri_01138.jpg,train
mri_00793.jpg,train
mri_01586.jpg,train
mri_01582.jpg,train
mri_01671.jpg,train
mri_00523.jpg,train
mri_00232.jpg,train
mri_00644.jpg,train
mri_01507.jpg,train
mri_00533.jpg,train
mri_01941.jpg,train
mri_00603.jpg,train
mri_01329.jpg,train
mri_01074.jpg,train
mri_01304.jpg,train
mri_00060.jpg,train
mri_01263.jpg,train
mri_00092.jpg,train
mri_00666.jpg,train
mri_00280.jpg,train
mri_01113.jpg,train
mri_00359.jpg,train
mri_01128.jpg,train
mri_01169.jpg,train
mri_00847.jpg,train
mri_01521.jpg,train
mri_00110.jpg,train
mri_00042.jpg,train
mri_00125.jpg,train
mri_00204.jpg,train
mri_00052.jpg,train
mri_00545.jpg,train
mri_00068.jpg,train
mri_01740.jpg,train
mri_01547.jpg,train
mri_00183.jpg,train
mri_00137.jpg,train
mri_00899.jpg,train
mri_00796.jpg,train
mri_00132.jpg,train
mri_00080.jpg,train
mri_01986.jpg,train
mri_01540.jpg,train
mri_00541.jpg,train
mri_01668.jpg,train
mri_00983.jpg,train
mri_00165.jpg,train
mri_00248.jpg,train
mri_00446.jpg,train
mri_01514.jpg,train
mri_00858.jpg,train
mri_01211.jpg,train
mri_00097.jpg,train
mri_01973.jpg,train
mri_00737.jpg,train
mri_01255.jpg,train
mri_00102.jpg,train
mri_00434.jpg,train
mri_00074.jpg,train
mri_01791.jpg,train
mri_01234.jpg,train
mri_00918.jpg,train
mri_01711.jpg,train
mri_01670.jpg,train
mri_01620.jpg,train
mri_00762.jpg,train
mri_00989.jpg,train
mri_00388.jpg,train
mri_00235.jpg,train
mri_01506.jpg,train
mri_00267.jpg,train
mri_01187.jpg,train
mri_00117.jpg,train
mri_01606.jpg,train
mri_00673.jpg,train
mri_00249.jpg,train
mri_01452.jpg,train
mri_01994.jpg,train
mri_00094.jpg,train
mri_00033.jpg,train
mri_01463.jpg,train
mri_01667.jpg,train
mri_00448.jpg,train
mri_00716.jpg,train
mri_01809.jpg,train
mri_01517.jpg,train
mri_00000.jpg,train
mri_01375.jpg,train
mri_01101.jpg,train
mri_01108.jpg,train
mri_01226.jpg,train
mri_00082.jpg,train
mri_01288.jpg,train
mri_00676.jpg,train
mri_01920.jpg,train
mri_01046.jpg,train
mri_00770.jpg,train
mri_01946.jpg,train
mri_01280.jpg,train
mri_01580.jpg,train
mri_01488.jpg,train
mri_00404.jpg,train
mri_01727.jpg,train
mri_01298.jpg,train
mri_01340.jpg,train
mri_00104.jpg,train
mri_00688.jpg,train
mri_01305.jpg,train
mri_00826.jpg,train
mri_00062.jpg,train
mri_00852.jpg,train
mri_01353.jpg,train
mri_00223.jpg,train
mri_00145.jpg,train
mri_01088.jpg,train
mri_00373.jpg,train
mri_01420.jpg,train
mri_01142.jpg,train
mri_01826.jpg,train
mri_01494.jpg,train
mri_01601.jpg,train
mri_01270.jpg,train
mri_00009.jpg,train
mri_00449.jpg,train
mri_00708.jpg,train
mri_00255.jpg,train
mri_00882.jpg,train
mri_00389.jpg,train
mri_00908.jpg,train
mri_00924.jpg,train
mri_01703.jpg,train
mri_01232.jpg,train
mri_00460.jpg,train
mri_01269.jpg,train
mri_01759.jpg,train
mri_01168.jpg,train
mri_00958.jpg,train
mri_00501.jpg,train
mri_00739.jpg,train
mri_01849.jpg,train
mri_00868.jpg,train
mri_00731.jpg,train
mri_00539.jpg,train
mri_01201.jpg,train
mri_00697.jpg,train
mri_01392.jpg,train
mri_01376.jpg,train
mri_01145.jpg,train
mri_01031.jpg,train
mri_00372.jpg,train
mri_00667.jpg,train
mri_01525.jpg,train
mri_00357.jpg,train
mri_00967.jpg,train
mri_00783.jpg,train
mri_00735.jpg,train
mri_01035.jpg,train
mri_00970.jpg,train
mri_01524.jpg,train
mri_01486.jpg,train
mri_01523.jpg,train
mri_01490.jpg,train
mri_01642.jpg,train
mri_01252.jpg,train
mri_01693.jpg,train
mri_01749.jpg,train
mri_01236.jpg,train
mri_00885.jpg,train
mri_00079.jpg,train
mri_01172.jpg,train
mri_00814.jpg,train
mri_01285.jpg,train
mri_00671.jpg,train
mri_01531.jpg,train
mri_00057.jpg,train
mri_00133.jpg,train
mri_01140.jpg,train
mri_00933.jpg,train
mri_01684.jpg,train
mri_00823.jpg,train
mri_01214.jpg,train
mri_00504.jpg,train
mri_01774.jpg,train
mri_00347.jpg,train
mri_00386.jpg,train
mri_01024.jpg,train
mri_00894.jpg,train
mri_00828.jpg,train
mri_01892.jpg,train
mri_00475.jpg,train
mri_01470.jpg,train
mri_01447.jpg,train
mri_01581.jpg,train
mri_00652.jpg,train
mri_00172.jpg,train
mri_01149.jpg,train
mri_00038.jpg,train
mri_00713.jpg,train
mri_00090.jpg,train
mri_01936.jpg,train
mri_01205.jpg,train
mri_00875.jpg,train
mri_01351.jpg,train
mri_01889.jpg,train
mri_01093.jpg,train
mri_01155.jpg,train
mri_01781.jpg,train
mri_01958.jpg,train
mri_00499.jpg,train
mri_00338.jpg,train
mri_01188.jpg,train
mri_00028.jpg,train
mri_01217.jpg,train
mri_01399.jpg,train
mri_01820.jpg,train
mri_00945.jpg,train
mri_00169.jpg,train
mri_01404.jpg,train
mri_01197.jpg,train
mri_01253.jpg,train
mri_01613.jpg,train
mri_00912.jpg,train
mri_00491.jpg,train
mri_00953.jpg,train
mri_01097.jpg,train
mri_01032.jpg,train
mri_00587.jpg,train
mri_00750.jpg,train
mri_00657.jpg,train
mri_00234.jpg,train
mri_00732.jpg,train
mri_01988.jpg,train
mri_01632.jpg,train
mri_01156.jpg,train
mri_01469.jpg,train
mri_01424.jpg,train
mri_01627.jpg,train
mri_00934.jpg,train
mri_01209.jpg,train
mri_01065.jpg,train
mri_00108.jpg,train
mri_01542.jpg,train
mri_00568.jpg,train
mri_01167.jpg,train
mri_01174.jpg,train
mri_00890.jpg,train
mri_00947.jpg,train
mri_01048.jpg,train
mri_01352.jpg,train
mri_01777.jpg,train
mri_01446.jpg,train
mri_00884.jpg,train
mri_01672.jpg,train
mri_00850.jpg,train
mri_00734.jpg,train
mri_00717.jpg,train
mri_00454.jpg,train
mri_00264.jpg,train
mri_00075.jpg,train
mri_01657.jpg,train
mri_00444.jpg,train
mri_00395.jpg,train
mri_00176.jpg,train
mri_01042.jpg,train
mri_01735.jpg,train
mri_01401.jpg,train
mri_01380.jpg,train
mri_00595.jpg,train
mri_00061.jpg,train
mri_01296.jpg,train
mri_00872.jpg,train
mri_01489.jpg,train
mri_01878.jpg,train
mri_00278.jpg,train
mri_00036.jpg,train
mri_01975.jpg,train
mri_00662.jpg,train
mri_01953.jpg,train
mri_01444.jpg,train
mri_00977.jpg,train
mri_01571.jpg,train
mri_00738.jpg,train
mri_00191.jpg,train
mri_00919.jpg,train
mri_00456.jpg,train
mri_00675.jpg,train
mri_00760.jpg,train
mri_01807.jpg,train
mri_01602.jpg,train
mri_00728.jpg,train
mri_00412.jpg,train
mri_01098.jpg,train
mri_00825.jpg,train
mri_01639.jpg,train
mri_00616.jpg,train
mri_00114.jpg,train
mri_00417.jpg,train
mri_01910.jpg,train
mri_00969.jpg,train
mri_00604.jpg,train
mri_01918.jpg,train
mri_00089.jpg,train
mri_00848.jpg,train
mri_01519.jpg,train
mri_01917.jpg,train
mri_00753.jpg,train
mri_00498.jpg,train
mri_01276.jpg,train
mri_01325.jpg,train
mri_00011.jpg,train
mri_00396.jpg,train
mri_00284.jpg,train
mri_01066.jpg,train
mri_01191.jpg,train
mri_01744.jpg,train
mri_00690.jpg,train
mri_01752.jpg,train
mri_01875.jpg,train
mri_00689.jpg,train
mri_00851.jpg,train
mri_00159.jpg,train
mri_00895.jpg,train
mri_01575.jpg,train
mri_00257.jpg,train
mri_00335.jpg,train
mri_01879.jpg,train
mri_01039.jpg,train
mri_00515.jpg,train
mri_01348.jpg,train
mri_01015.jpg,train
mri_00768.jpg,train
mri_01746.jpg,train
mri_00761.jpg,train
mri_01246.jpg,train
mri_01203.jpg,train
mri_01467.jpg,train
mri_01983.jpg,train
mri_00521.jpg,train
mri_00022.jpg,train
mri_00356.jpg,train
mri_01277.jpg,train
mri_01312.jpg,train
mri_01682.jpg,train
mri_00340.jpg,train
mri_00431.jpg,train
mri_00473.jpg,train
mri_00217.jpg,train
mri_00911.jpg,train
mri_01227.jpg,train
mri_01596.jpg,train
mri_01011.jpg,train
mri_01949.jpg,train
mri_00093.jpg,train
mri_01008.jpg,train
mri_01070.jpg,train
mri_01092.jpg,train
mri_01914.jpg,train
mri_01308.jpg,train
mri_00696.jpg,train
mri_01827.jpg,train
mri_00996.jpg,train
mri_00153.jpg,train
mri_01099.jpg,train
mri_01718.jpg,train
mri_01997.jpg,train
mri_00789.jpg,train
mri_00580.jpg,train
mri_00703.jpg,train
mri_01212.jpg,train
mri_01295.jpg,train
mri_01665.jpg,train
mri_01260.jpg,train
mri_00487.jpg,train
mri_00559.jpg,train
mri_01141.jpg,train
mri_01119.jpg,train
mri_00801.jpg,train
mri_00512.jpg,train
mri_00633.jpg,train
mri_01921.jpg,train
mri_01787.jpg,train
mri_01545.jpg,train
mri_01150.jpg,train
mri_00790.jpg,train
mri_00116.jpg,train
mri_00740.jpg,train
mri_01690.jpg,train
mri_01081.jpg,train
mri_00830.jpg,train
mri_00119.jpg,train
mri_00656.jpg,train
mri_01907.jpg,train
mri_00635.jpg,train
mri_00369.jpg,train
mri_00268.jpg,train
mri_00655.jpg,train
mri_00935.jpg,train
mri_00822.jpg,train
mri_00866.jpg,train
mri_00046.jpg,train
mri_01373.jpg,train
mri_01708.jpg,train
mri_00991.jpg,train
mri_00876.jpg,train
mri_00773.jpg,train
mri_01219.jpg,train
mri_01999.jpg,train
mri_00004.jpg,train
mri_01003.jpg,train
mri_01723.jpg,train
mri_00263.jpg,train
mri_01569.jpg,train
mri_01830.jpg,train
mri_00443.jpg,train
mri_01002.jpg,train
mri_01077.jpg,train
mri_00837.jpg,train
mri_01790.jpg,train
mri_00304.jpg,train
mri_01365.jpg,train
mri_01557.jpg,train
mri_00313.jpg,train
mri_00149.jpg,train
mri_01148.jpg,train
mri_01213.jpg,train
mri_00574.jpg,train
mri_00050.jpg,train
mri_01552.jpg,train
mri_00726.jpg,train
mri_00833.jpg,train
mri_01377.jpg,train
mri_01115.jpg,train
mri_01166.jpg,train
mri_00470.jpg,train
mri_00971.jpg,train
mri_00653.jpg,train
mri_00399.jpg,train
mri_00511.jpg,train
mri_00320.jpg,train
mri_00019.jpg,train
mri_00684.jpg,train
mri_00035.jpg,train
mri_00902.jpg,train
mri_01778.jpg,train
mri_00827.jpg,train
mri_01853.jpg,train
mri_00407.jpg,train
mri_00920.jpg,train
mri_00537.jpg,train
mri_00758.jpg,train
mri_01904.jpg,train
mri_01062.jpg,train
mri_01199.jpg,train
mri_00245.jpg,train
mri_01416.jpg,train
mri_01127.jpg,train
mri_00784.jpg,train
mri_01742.jpg,train
mri_00489.jpg,train
mri_00154.jpg,train
mri_00961.jpg,train
mri_00853.jpg,train
mri_01311.jpg,train
mri_00625.jpg,train
mri_00685.jpg,train
mri_01561.jpg,train
mri_00569.jpg,train
mri_01908.jpg,train
mri_00017.jpg,train
mri_00127.jpg,train
mri_01346.jpg,train
mri_01279.jpg,train
mri_01968.jpg,train
mri_00927.jpg,train
mri_00980.jpg,train
mri_01964.jpg,train
mri_00190.jpg,train
mri_01139.jpg,train
mri_00992.jpg,train
mri_01955.jpg,train
mri_01656.jpg,train
mri_00606.jpg,train
mri_00180.jpg,train
mri_00301.jpg,train
mri_00496.jpg,train
mri_01720.jpg,train
mri_01709.jpg,train
mri_01887.jpg,train
mri_01991.jpg,train
mri_00517.jpg,train
mri_01984.jpg,train
mri_01069.jpg,train
mri_00476.jpg,train
mri_00157.jpg,train
mri_01243.jpg,train
mri_01195.jpg,train
mri_00016.jpg,train
mri_01535.jpg,train
mri_01072.jpg,train
mri_01971.jpg,train
mri_00546.jpg,train
mri_01539.jpg,train
mri_00658.jpg,train
mri_01625.jpg,train
mri_01019.jpg,train
mri_01662.jpg,train
mri_01504.jpg,train
mri_00959.jpg,train
mri_01881.jpg,train
mri_00283.jpg,train
mri_00797.jpg,train
mri_01626.jpg,train
mri_00225.jpg,train
mri_00026.jpg,train
mri_01770.jpg,train
mri_00437.jpg,train
mri_01948.jpg,train
mri_01388.jpg,train
mri_00229.jpg,train
mri_00037.jpg,train
mri_00749.jpg,train
mri_01045.jpg,train
mri_01398.jpg,train
mri_00469.jpg,train
mri_01692.jpg,train
mri_01967.jpg,train
mri_00687.jpg,train
mri_01843.jpg,train
mri_00639.jpg,train
mri_01712.jpg,train
mri_01218.jpg,train
mri_01158.jpg,train
mri_01415.jpg,train
mri_01527.jpg,train
mri_01655.jpg,train
mri_01300.jpg,train
mri_01822.jpg,train
mri_00800.jpg,train
mri_01603.jpg,train
mri_00160.jpg,train
mri_00956.jpg,train
mri_01186.jpg,train
mri_00821.jpg,train
mri_01681.jpg,train
mri_00877.jpg,train
mri_00913.jpg,train
mri_00152.jpg,train
mri_01870.jpg,train
mri_01776.jpg,train
mri_00509.jpg,train
mri_01135.jpg,train
mri_01250.jpg,train
mri_01683.jpg,train
mri_00103.jpg,train
mri_01445.jpg,train
mri_01443.jpg,train
mri_00586.jpg,train
mri_01768.jpg,train
mri_01143.jpg,train
mri_00053.jpg,train
mri_00151.jpg,train
mri_00403.jpg,train
mri_01942.jpg,train
mri_00207.jpg,train
mri_01894.jpg,train
mri_01122.jpg,train
mri_01890.jpg,train
mri_00008.jpg,train
mri_01014.jpg,train
mri_01906.jpg,train
mri_01060.jpg,train
mri_00452.jpg,train
mri_00253.jpg,train
mri_01327.jpg,train
mri_00896.jpg,train
mri_01733.jpg,train
mri_00880.jpg,train
mri_01595.jpg,train
mri_01888.jpg,train
mri_00623.jpg,train
mri_00345.jpg,train
mri_01702.jpg,train
mri_00262.jpg,train
mri_01634.jpg,train
mri_01321.jpg,train
mri_01438.jpg,train
mri_00150.jpg,train
mri_00472.jpg,train
mri_00640.jpg,train
mri_01982.jpg,train
mri_01882.jpg,train
mri_00550.jpg,train
mri_01779.jpg,train
mri_00928.jpg,train
mri_00488.jpg,train
mri_01811.jpg,train
mri_01171.jpg,train
mri_00146.jpg,train
mri_01704.jpg,train
mri_01928.jpg,train
mri_00402.jpg,train
mri_00954.jpg,train
mri_01877.jpg,train
mri_00659.jpg,train
mri_01372.jpg,train
mri_00463.jpg,train
mri_01349.jpg,train
mri_00186.jpg,train
mri_01147.jpg,train
mri_01224.jpg,train
mri_00608.jpg,train
mri_00143.jpg,train
mri_00751.jpg,train
mri_01534.jpg,train
mri_00981.jpg,train
mri_00197.jpg,train
mri_01633.jpg,train
mri_00883.jpg,train
mri_00279.jpg,train
mri_00293.jpg,train
mri_01823.jpg,train
mri_00400.jpg,train
mri_00122.jpg,train
mri_01207.jpg,train
mri_00202.jpg,train
mri_01462.jpg,train
mri_00835.jpg,train
mri_00246.jpg,train
mri_01439.jpg,train
mri_01753.jpg,train
mri_01901.jpg,train
mri_01707.jpg,train
mri_01880.jpg,train
mri_01153.jpg,train
mri_01661.jpg,train
mri_01426.jpg,train
mri_00384.jpg,train
mri_01758.jpg,train
mri_00854.jpg,train
mri_01589.jpg,train
mri_00219.jpg,train
mri_00641.jpg,train
mri_00001.jpg,train
mri_00112.jpg,train
mri_00698.jpg,train
mri_01915.jpg,train
mri_00951.jpg,train
mri_01648.jpg,train
mri_01636.jpg,train
mri_01885.jpg,train
mri_01410.jpg,train
mri_01409.jpg,train
mri_01533.jpg,train
mri_01291.jpg,train
mri_01808.jpg,train
mri_00441.jpg,train
mri_01520.jpg,train
mri_01136.jpg,train
mri_01715.jpg,train
mri_01256.jpg,train
mri_01863.jpg,train
mri_01631.jpg,train
mri_01695.jpg,train
mri_01397.jpg,train
mri_00663.jpg,train
mri_01835.jpg,train
mri_01257.jpg,train
mri_01773.jpg,train
mri_01700.jpg,train
mri_00317.jpg,train
mri_00648.jpg,train
mri_01434.jpg,train
mri_01479.jpg,train
mri_00709.jpg,train
mri_01382.jpg,train
mri_01282.jpg,train
mri_00972.jpg,train
mri_00627.jpg,train
mri_00632.jpg,train
mri_01306.jpg,train
mri_01400.jpg,train
mri_01408.jpg,train
mri_01248.jpg,train
mri_01952.jpg,train
mri_01254.jpg,train
mri_01496.jpg,train
mri_01371.jpg,train
mri_01529.jpg,train
mri_01663.jpg,train
mri_01354.jpg,train
mri_01925.jpg,train
mri_01900.jpg,train
mri_01643.jpg,train
mri_01848.jpg,train
mri_00795.jpg,train
mri_00645.jpg,train
mri_01012.jpg,train
mri_01839.jpg,train
mri_00556.jpg,train
mri_00681.jpg,train
mri_00577.jpg,train
mri_01109.jpg,train
mri_01266.jpg,train
mri_01722.jpg,train
mri_01183.jpg,train
mri_00524.jpg,train
mri_01059.jpg,train
mri_00540.jpg,train
mri_01194.jpg,train
mri_01678.jpg,train
mri_00748.jpg,train
mri_01851.jpg,train
mri_01430.jpg,train
mri_00484.jpg,train
mri_01757.jpg,train
mri_00095.jpg,train
mri_01020.jpg,train
mri_00563.jpg,train
mri_01264.jpg,train
mri_00742.jpg,train
mri_00863.jpg,train
mri_01598.jpg,train
mri_01714.jpg,train
mri_01484.jpg,train
mri_00891.jpg,train
mri_01577.jpg,train
mri_01038.jpg,train
mri_00206.jpg,train
mri_00392.jpg,train
mri_00794.jpg,train
mri_00870.jpg,train
mri_00397.jpg,train
mri_00766.jpg,train
mri_01841.jpg,train
mri_01241.jpg,train
mri_01028.jpg,train
mri_01792.jpg,train
mri_00642.jpg,train
mri_01891.jpg,train
mri_00612.jpg,train
mri_01762.jpg,train
mri_00960.jpg,train
mri_01570.jpg,train
mri_00725.jpg,train
mri_00683.jpg,train
mri_00098.jpg,train
mri_00804.jpg,train
mri_01751.jpg,train
mri_01597.jpg,train
mri_00406.jpg,train
mri_00502.jpg,train
mri_01071.jpg,train
mri_01056.jpg,train
mri_00929.jpg,train
mri_00779.jpg,train
mri_00200.jpg,train
mri_00134.jpg,train
mri_01051.jpg,train
mri_00040.jpg,train
mri_01017.jpg,train
mri_00230.jpg,train
mri_01513.jpg,train
mri_01796.jpg,train
mri_00378.jpg,train
mri_00288.jpg,train
mri_00418.jpg,train
mri_01698.jpg,train
mri_00391.jpg,train
mri_00592.jpg,train
mri_01522.jpg,train
mri_01162.jpg,train
mri_01086.jpg,train
mri_01495.jpg,train
mri_00647.jpg,train
mri_01152.jpg,train
mri_01367.jpg,train
mri_00520.jpg,train
mri_01862.jpg,train
mri_00064.jpg,train
mri_01836.jpg,train
mri_00014.jpg,train
mri_01180.jpg,train
mri_01064.jpg,train
mri_00492.jpg,train
mri_00379.jpg,train
mri_00187.jpg,train
mri_00763.jpg,train
mri_00216.jpg,train
mri_00791.jpg,train
mri_01076.jpg,train
mri_00878.jpg,train
mri_00337.jpg,train
mri_01772.jpg,train
mri_00719.jpg,train
mri_01748.jpg,train
mri_00295.jpg,train
mri_01725.jpg,train
mri_01016.jpg,train
mri_01275.jpg,train
mri_01750.jpg,train
mri_01485.jpg,train
mri_00455.jpg,train
mri_01996.jpg,train
mri_00815.jpg,train
mri_01886.jpg,train
mri_00269.jpg,train
mri_00995.jpg,train
mri_00201.jpg,train
mri_00161.jpg,train
mri_01579.jpg,train
mri_00729.jpg,train
mri_00401.jpg,train
mri_00702.jpg,train
mri_01500.jpg,train
mri_01845.jpg,train
mri_01795.jpg,train
mri_01129.jpg,train
mri_00565.jpg,train
mri_01413.jpg,train
mri_01021.jpg,train
mri_01025.jpg,train
mri_01411.jpg,train
mri_01895.jpg,train
mri_01585.jpg,train
mri_01104.jpg,train
mri_00205.jpg,train
mri_00034.jpg,train
mri_00775.jpg,train
mri_00508.jpg,train
mri_01451.jpg,train
mri_01478.jpg,train
mri_01970.jpg,train
mri_01390.jpg,train
mri_00091.jpg,train
mri_01363.jpg,train
mri_00897.jpg,train
mri_00564.jpg,train
mri_01369.jpg,train
mri_00776.jpg,train
mri_00241.jpg,train
mri_00013.jpg,train
mri_00315.jpg,train
mri_00600.jpg,train
mri_00387.jpg,train
mri_01297.jpg,train
mri_00166.jpg,train
mri_00840.jpg,train
mri_00020.jpg,train
mri_00646.jpg,train
mri_01842.jpg,train
mri_01508.jpg,train
mri_01154.jpg,train
mri_01528.jpg,train
mri_00831.jpg,train
mri_01267.jpg,train
mri_01590.jpg,train
mri_01899.jpg,train
mri_00562.jpg,train
mri_01951.jpg,train
mri_00686.jpg,train
mri_00957.jpg,train
mri_00189.jpg,train
mri_01806.jpg,train
mri_00975.jpg,train
mri_00699.jpg,train
mri_01499.jpg,train
mri_01705.jpg,train
mri_00510.jpg,train
mri_01082.jpg,train
mri_00474.jpg,train
mri_01584.jpg,train
mri_00856.jpg,train
mri_00747.jpg,train
mri_00252.jpg,train
mri_00021.jpg,train
mri_01337.jpg,train
mri_00459.jpg,train
mri_01184.jpg,train
mri_00276.jpg,train
mri_00955.jpg,train
mri_01215.jpg,train
mri_00385.jpg,train
mri_00805.jpg,train
mri_01437.jpg,train
mri_01515.jpg,train
mri_00343.jpg,train
mri_00769.jpg,train
mri_01332.jpg,train
mri_01685.jpg,train
mri_00130.jpg,train
mri_01687.jpg,train
mri_00871.jpg,train
mri_01123.jpg,train
mri_01396.jpg,train
mri_00087.jpg,train
mri_01482.jpg,train
mri_00330.jpg,train
mri_01238.jpg,train
mri_00466.jpg,train
mri_00121.jpg,train
mri_01638.jpg,train
mri_01044.jpg,train
mri_01724.jpg,train
mri_01095.jpg,train
mri_01130.jpg,train
mri_01294.jpg,train
mri_00860.jpg,train
mri_01459.jpg,train
mri_01126.jpg,train
mri_01198.jpg,val
mri_00720.jpg,val
mri_01381.jpg,val
mri_00063.jpg,val
mri_00630.jpg,val
mri_00366.jpg,val
mri_01078.jpg,val
mri_01292.jpg,val
mri_00555.jpg,val
mri_00712.jpg,val
mri_00579.jpg,val
mri_01041.jpg,val
mri_01652.jpg,val
mri_00607.jpg,val
mri_00427.jpg,val
mri_00973.jpg,val
mri_01196.jpg,val
mri_00432.jpg,val
mri_01449.jpg,val
mri_01710.jpg,val
mri_00788.jpg,val
mri_01959.jpg,val
mri_00479.jpg,val
mri_01978.jpg,val
mri_00307.jpg,val
mri_01551.jpg,val
mri_00855.jpg,val
mri_00453.jpg,val
mri_01333.jpg,val
mri_00414.jpg,val
mri_00382.jpg,val
mri_01784.jpg,val
mri_00888.jpg,val
mri_01179.jpg,val
mri_01825.jpg,val
mri_01745.jpg,val
mri_01813.jpg,val
mri_00485.jpg,val
mri_01912.jpg,val
mri_00175.jpg,val
mri_01440.jpg,val
mri_00886.jpg,val
mri_00755.jpg,val
mri_00168.jpg,val
mri_00029.jpg,val
mri_01555.jpg,val
mri_01530.jpg,val
mri_00256.jpg,val
mri_01310.jpg,val
mri_00045.jpg,val
mri_00529.jpg,val
mri_01394.jpg,val
mri_00807.jpg,val
mri_01274.jpg,val
mri_01568.jpg,val
mri_00322.jpg,val
mri_01847.jpg,val
mri_01474.jpg,val
mri_00538.jpg,val
mri_01990.jpg,val
mri_01640.jpg,val
mri_01118.jpg,val
mri_00450.jpg,val
mri_00792.jpg,val
mri_01120.jpg,val
mri_01666.jpg,val
mri_01810.jpg,val
mri_00495.jpg,val
mri_00196.jpg,val
mri_01833.jpg,val
mri_00247.jpg,val
mri_00743.jpg,val
mri_01831.jpg,val
mri_00780.jpg,val
mri_00874.jpg,val
mri_01927.jpg,val
mri_01091.jpg,val
mri_01472.jpg,val
mri_01423.jpg,val
mri_00582.jpg,val
mri_01289.jpg,val
mri_00570.jpg,val
mri_01378.jpg,val
mri_00916.jpg,val
mri_00433.jpg,val
mri_00300.jpg,val
mri_00188.jpg,val
mri_00679.jpg,val
mri_01502.jpg,val
mri_01814.jpg,val
mri_00678.jpg,val
mri_00889.jpg,val
mri_00572.jpg,val
mri_00163.jpg,val
mri_01872.jpg,val
mri_01794.jpg,val
mri_00964.jpg,val
mri_01229.jpg,val
mri_01938.jpg,val
mri_00078.jpg,val
mri_00073.jpg,val
mri_00109.jpg,val
mri_01543.jpg,val
mri_01699.jpg,val
mri_01621.jpg,val
mri_01223.jpg,val
mri_01193.jpg,val
mri_00065.jpg,val
mri_01987.jpg,val
mri_00581.jpg,val
mri_00374.jpg,val
mri_00554.jpg,val
mri_00124.jpg,val
mri_01713.jpg,val
mri_00303.jpg,val
mri_01137.jpg,val
mri_00218.jpg,val
mri_00350.jpg,val
mri_01027.jpg,val
mri_01335.jpg,val
mri_00289.jpg,val
mri_00316.jpg,val
mri_00637.jpg,val
mri_00305.jpg,val
mri_01782.jpg,val
mri_00471.jpg,val
mri_01414.jpg,val
mri_01053.jpg,val
mri_00526.jpg,val
mri_00834.jpg,val
mri_00585.jpg,val
mri_00354.jpg,val
mri_00602.jpg,val
mri_00030.jpg,val
mri_01265.jpg,val
mri_00879.jpg,val
mri_00212.jpg,val
mri_00353.jpg,val
mri_01608.jpg,val
mri_00069.jpg,val
mri_00237.jpg,val
mri_01080.jpg,val
mri_01537.jpg,val
mri_01729.jpg,val
mri_01754.jpg,val
mri_01450.jpg,val
mri_01600.jpg,val
mri_01033.jpg,val
mri_01541.jpg,val
mri_00584.jpg,val
mri_00514.jpg,val
mri_00281.jpg,val
mri_01624.jpg,val
mri_01728.jpg,val
mri_01618.jpg,val
mri_00730.jpg,val
mri_00802.jpg,val
mri_01173.jpg,val
mri_01674.jpg,val
mri_01573.jpg,val
mri_00906.jpg,val
mri_00909.jpg,val
mri_01532.jpg,val
mri_00411.jpg,val
mri_01225.jpg,val
mri_01739.jpg,val
mri_01659.jpg,val
mri_01767.jpg,val
mri_01182.jpg,val
mri_00070.jpg,val
mri_00543.jpg,val
mri_00344.jpg,val
mri_01100.jpg,val
mri_01664.jpg,val
mri_00974.jpg,val
mri_00670.jpg,val
mri_00610.jpg,val
mri_00270.jpg,val
mri_01612.jpg,val
mri_00832.jpg,val
mri_00618.jpg,val
mri_00937.jpg,val
mri_00120.jpg,val
mri_01893.jpg,val
mri_00949.jpg,val
mri_01185.jpg,val
mri_01931.jpg,val
mri_00067.jpg,val
mri_00478.jpg,val
mri_00438.jpg,val
mri_00701.jpg,val
mri_01036.jpg,val
mri_00535.jpg,val
mri_00674.jpg,val
mri_01190.jpg,val
mri_00383.jpg,val
mri_00620.jpg,val
mri_01364.jpg,val
mri_01510.jpg,val
mri_00429.jpg,val
mri_00023.jpg,test
mri_01930.jpg,test
mri_00907.jpg,test
mri_01766.jpg,test
mri_00297.jpg,test
mri_01691.jpg,test
mri_00757.jpg,test
mri_01884.jpg,test
mri_00351.jpg,test
mri_00464.jpg,test
mri_01323.jpg,test
mri_00331.jpg,test
mri_01244.jpg,test
mri_01395.jpg,test
mri_00744.jpg,test
mri_00251.jpg,test
mri_01491.jpg,test
mri_00480.jpg,test
mri_00220.jpg,test
mri_00764.jpg,test
mri_00787.jpg,test
mri_00275.jpg,test
mri_01658.jpg,test
mri_01966.jpg,test
mri_01860.jpg,test
mri_01284.jpg,test
mri_00759.jpg,test
mri_01934.jpg,test
mri_00032.jpg,test
mri_00239.jpg,test
mri_00965.jpg,test
mri_00231.jpg,test
mri_01911.jpg,test
mri_01696.jpg,test
mri_01675.jpg,test
mri_01103.jpg,test
mri_01789.jpg,test
mri_01903.jpg,test
mri_00583.jpg,test
mri_00306.jpg,test
mri_00887.jpg,test
mri_01741.jpg,test
mri_01623.jpg,test
mri_00099.jpg,test
mri_01483.jpg,test
mri_00422.jpg,test
mri_00233.jpg,test
mri_00785.jpg,test
mri_01981.jpg,test
mri_01838.jpg,test
mri_00507.jpg,test
mri_01686.jpg,test
mri_01116.jpg,test
mri_01453.jpg,test
mri_01592.jpg,test
mri_00254.jpg,test
mri_01134.jpg,test
mri_01950.jpg,test
mri_00628.jpg,test
mri_00617.jpg,test
mri_00393.jpg,test
mri_00591.jpg,test
mri_01075.jpg,test
mri_00368.jpg,test
mri_00993.jpg,test
mri_00944.jpg,test
mri_01412.jpg,test
mri_00203.jpg,test
mri_00534.jpg,test
mri_01054.jpg,test
mri_00044.jpg,test
mri_01313.jpg,test
mri_01273.jpg,test
mri_00824.jpg,test
mri_00613.jpg,test
mri_00829.jpg,test
mri_00100.jpg,test
mri_00266.jpg,test
mri_00782.jpg,test
mri_00162.jpg,test
mri_00905.jpg,test
mri_01646.jpg,test
mri_00173.jpg,test
mri_01004.jpg,test
mri_01965.jpg,test
mri_01089.jpg,test
mri_00808.jpg,test
mri_00076.jpg,test
mri_00611.jpg,test
mri_01556.jpg,test
mri_01497.jpg,test
mri_01736.jpg,test
mri_00352.jpg,test
mri_00930.jpg,test
mri_01278.jpg,test
mri_01084.jpg,test
mri_01737.jpg,test
mri_01460.jpg,test
mri_00552.jpg,test
mri_00324.jpg,test
mri_01937.jpg,test
mri_00771.jpg,test
mri_00746.jpg,test
mri_00987.jpg,test
mri_01178.jpg,test
mri_01731.jpg,test
mri_01852.jpg,test
mri_01905.jpg,test
mri_00599.jpg,test
mri_00978.jpg,test
mri_01873.jpg,test
mri_01431.jpg,test
mri_01433.jpg,test
mri_00519.jpg,test
mri_01719.jpg,test
mri_01473.jpg,test
mri_01819.jpg,test
mri_00059.jpg,test
mri_01919.jpg,test
mri_01465.jpg,test
mri_01673.jpg,test
mri_00544.jpg,test
mri_00128.jpg,test
mri_01932.jpg,test
mri_01922.jpg,test
mri_01324.jpg,test
mri_00482.jpg,test
mri_01518.jpg,test
mri_01242.jpg,test
mri_00115.jpg,test
mri_01615.jpg,test
mri_00530.jpg,test
mri_01897.jpg,test
mri_01345.jpg,test
mri_01605.jpg,test
mri_00049.jpg,test
mri_00394.jpg,test
mri_01562.jpg,test
mri_00416.jpg,test
mri_01319.jpg,test
mri_01609.jpg,test
mri_01544.jpg,test
mri_01593.jpg,test
mri_00135.jpg,test
mri_01105.jpg,test
mri_01301.jpg,test
mri_00361.jpg,test
mri_01419.jpg,test
mri_01464.jpg,test
mri_00194.jpg,test
mri_00938.jpg,test
mri_00527.jpg,test
mri_01962.jpg,test
mri_01697.jpg,test
mri_00056.jpg,test
mri_01384.jpg,test
mri_01370.jpg,test
mri_00857.jpg,test
mri_01550.jpg,test
mri_00261.jpg,test
mri_01563.jpg,test
mri_01063.jpg,test
mri_00298.jpg,test
mri_00211.jpg,test
mri_01610.jpg,test
mri_01647.jpg,test
mri_01756.jpg,test
mri_01164.jpg,test
mri_01259.jpg,test
mri_01654.jpg,test
mri_00210.jpg,test
mri_01487.jpg,test
mri_00494.jpg,test
mri_00651.jpg,test
mri_00862.jpg,test
mri_01924.jpg,test
mri_01233.jpg,test
mri_01350.jpg,test
mri_00111.jpg,test
mri_01083.jpg,test
mri_01290.jpg,test
mri_01566.jpg,test
mri_01107.jpg,test
mri_01818.jpg,test
mri_01512.jpg,test
mri_00693.jpg,test
mri_00990.jpg,test
mri_01245.jpg,test
mri_01567.jpg,test
mri_00462.jpg,test
mri_01546.jpg,test
mri_00654.jpg,test
mri_01803.jpg,test
mri_01798.jpg,test
mri_00367.jpg,test
mri_01425.jpg,test
mri_00185.jpg,test
mri_00123.jpg,test
mri_00342.jpg,test
mri_01916.jpg,test
